title,artist,count,year of release,genre,length
El Paso,Marty Robbins,1,1959,Country,4:38
Running Bear,Johnny Preston,1,1960,Rockabilly,2:38
Teen Angel,Mark Dinning,1,1960,Pop,2:42
Theme from A Summer Place,Percy Faith,1,1960,Easy listening,2:00
Stuck on You,Elvis Presley,1,1960,Rock and roll,2:18
Cathy's Clown,The Everly Brothers,1,1960,Country,3:04
Everybody's Somebody's Fool,Connie Francis,1,1960,Rock and roll,2:10
Alley Oop,Hollywood Argyles,1,1960,Rock and roll,2:56
I'm Sorry,Brenda Lee,2,1960,Countrypolitan,2:40
Itsy Bitsy Teenie Weenie Yellow Polkadot Bikini,Brian Hyland,1,1960,Pop,3:38
It's Now or Never,Elvis Presley,1,1960,Country,3:22
The Twist,Chubby Checker,2,1960,Pop,2:34
My Heart Has a Mind of Its Own,Connie Francis,1,1960,Country,2:30
Mr. Custer,Larry Verne,1,1960,Novelty,3:04
Save the Last Dance for Me,The Drifters,2,1960,Country pop,3:38
I Want to Be Wanted,Brenda Lee,1,1960,Orchestral pop,3:05
Georgia on My Mind,Ray Charles,1,1960,Country,3:55
Stay,Maurice Williams and the Zodiacs,4,2004,Pop,3:15
Are You Lonesome Tonight?,Elvis Presley,2,1960,Pop,3:07
Wonderland by Night,Bert Kaempfert,1,1961,Jazz,3:14
Will You Love Me Tomorrow,The Shirelles,1,1961,Brill Building,2:41
Calcutta,Lawrence Welk,1,1961,Easy listening,2:13
Pony Time,Chubby Checker,1,1961,R&B,2:27
Surrender,Elvis Presley,1,1961,Rock and roll,1:52
Blue Moon,The Marcels,1,1961,Doo wop,2:15
Runaway,Del Shannon,1,1961,Rock and Roll,2:20
Mother-in-Law,Ernie K-Doe,1,1961,New Orleans R&B,2:25
Travelin' Man,Ricky Nelson,2,1961,Pop,2:24
Running Scared,Roy Orbison,1,1961,Orchestral pop,2:10
Moody River,Pat Boone,1,1961,Country pop,2:41
Quarter to Three,Gary U.S. Bonds,1,1961,Doo-wop,2:31
Tossin' and Turnin',Bobby Lewis,1,1961,R&B,2:29
Wooden Heart,Joe Dowell,1,1961,Pop,2:01
Michael,The Highwaymen,1,1961,Folk,2:57
Take Good Care of My Baby,Bobby Vee,1,1980,Pop,3:15
Hit the Road Jack,Ray Charles,1,1961,R&B,2:00
Runaround Sue,Dion,1,1961,Pop,2:41
Big Bad John,Jimmy Dean,1,1961,Country,3:00
Please Mr. Postman,The Marvelettes,2,1961,Pop,2:50
The Lion Sleeps Tonight,The Tokens,2,1961,Pop,3:18
Peppermint Twist,Joey Dee and the Starliters,1,1961,Rock and roll,4:05
Duke of Earl,Gene Chandler,1,1962,R&B,2:27
Hey! Baby,Bruce Channel,1,1962,Country,3:37
Don't Break the Heart That Loves You,Connie Francis,1,1962,Country,2:57
Johnny Angel,Shelley Fabares,1,1962,Pop,1:30
Good Luck Charm,Elvis Presley,1,1962,,2:27
Soldier Boy,The Shirelles,1,1962,R&B,2:42
Stranger on the Shore,Mr. Acker Bilk,1,1962,Jazz,2:52
I Can't Stop Loving You,Ray Charles,1,1962,Rhythm and blues,2:37
The Stripper,David Rose,1,1962,Jazz,1:57
Roses Are Red (My Love),Bobby Vinton,1,1962,Traditional pop,2:38
Breaking Up Is Hard to Do,Neil Sedaka,1,1962,Pop,3:14
The Loco-Motion,Little Eva,2,1962,Dance-pop,3:13
Sheila,Tommy Roe,1,1962,Bubblegum pop,2:03
Sherry,The Four Seasons,1,1962,,2:32
Monster Mash,Bobby 'Boris' Pickett & the Crypt-Kickers,1,1962,Horror punk,5:03
He's a Rebel,The Crystals,1,1962,Pop,2:31
Big Girls Don't Cry,The Four Seasons,2,1962,,2:26
Telstar,The Tornados,2,1962,Space age pop,3:15
Go Away Little Girl,Steve Lawrence,2,1963,Pop,2:42
Walk Right In,The Rooftop Singers,1,1963,Folk,2:33
Hey Paula,Paul & Paula,1,1963,Pop,2:27
Walk Like a Man,The Four Seasons,1,1985,Hi-NRG,2:17
Our Day Will Come,Ruby & the Romantics,1,1963,Reggae,2:50
He's So Fine,The Chiffons,1,1963,Countrypolitan,2:35
I Will Follow Him,Little Peggy March,1,1963,Pop,2:25
If You Wanna Be Happy,Jimmy Soul,1,1963,Doo-wop,2:14
It's My Party,Lesley Gore,1,1963,Pop,3:47
Sukiyaki,Kyu Sakamoto,1,1963,Quiet storm,4:18
Easier Said Than Done,The Essex,1,1963,Pop,2:08
Surf City,Jan and Dean,1,1963,Vocal surf,2:36
So Much in Love,The Tymes,1,1993,R&B,3:31
Fingertips,Little Stevie Wonder,1,1963,R&B,
My Boyfriend's Back,The Angels,1,1963,Pop,2:14
Blue Velvet,Bobby Vinton,1,1963,Sadcore,2:36
Sugar Shack,Jimmy Gilmer and the Fireballs,1,1963,Pop rock,2:00
Deep Purple,Nino Tempo & April Stevens,1,1963,Pop,2:40
I'm Leaving It Up to You,Dale & Grace,1,1963,Doo-wop,2:51
Dominique,The Singing Nun,1,1963,Folk,2:53
There! I've Said It Again,Bobby Vinton,1,1964,Pop,2:23
I Want to Hold Your Hand,The Beatles,1,1964,Rock and roll,2:24
She Loves You,,1,1964,Rock and roll,2:18
Can't Buy Me Love,,1,1964,Rock and roll,2:11
"Hello, Dolly!",Louis Armstrong,1,1964,,2:27
My Guy,Mary Wells,1,1964,Soul,3:45
Love Me Do,The Beatles,1,1964,Merseybeat,2:22
Chapel of Love,The Dixie Cups,1,1964,Pop,2:34
A World Without Love,Peter and Gordon,1,1964,Pop,2:41
I Get Around,The Beach Boys,1,1964,,2:12
Rag Doll,The Four Seasons,1,1964,Pop rock,2:54
A Hard Day's Night,The Beatles,1,1964,Rock,2:34
Everybody Loves Somebody,Dean Martin,1,1964,Traditional pop,2:48
Where Did Our Love Go,The Supremes,1,1964,Pop-soul,2:33
The House of the Rising Sun,The Animals,1,1964,Heavy metal,4:07
"Oh, Pretty Woman",Roy Orbison,1,1964,Hard rock,2:55
Do Wah Diddy Diddy,Manfred Mann,1,1964,Eurodance,3:31
Baby Love,The Supremes,1,1964,,2:34
Leader of the Pack,The Shangri-Las,1,1964,Glam metal,3:48
Ringo,Lorne Greene,1,1964,Country,3:14
Mr. Lonely,Bobby Vinton,1,1964,Pop,2:40
Come See About Me,The Supremes,2,1964,Soul,3:01
I Feel Fine,The Beatles,2,1964,Rock and roll,2:25
Downtown,Petula Clark,1,1965,Soul,3:24
You've Lost That Lovin' Feelin',The Righteous Brothers,1,1965,Blue-eyed soul,5:00
This Diamond Ring,Gary Lewis & the Playboys,1,1965,Pop rock,2:01
My Girl,The Temptations,1,1965,Soul,2:45
Eight Days a Week,The Beatles,1,1965,Pop rock,2:44
Stop! In the Name of Love,The Supremes,1,1965,Pop,2:52
I'm Telling You Now,Freddie and the Dreamers,1,1965,Merseybeat,2:05
Game of Love,Wayne Fontana,1,1987,Pop,2:04
"Mrs. Brown, You've Got a Lovely Daughter",Herman's Hermits,1,1965,Beat,2:45
Ticket to Ride,The Beatles,1,1965,Pop,4:13
"Help Me, Rhonda",The Beach Boys,1,1965,,2:46
Back in My Arms Again,The Supremes,1,1965,Pop,2:52
I Can't Help Myself (Sugar Pie Honey Bunch),Four Tops,2,1965,Pop,3:58
Mr. Tambourine Man,The Byrds,1,1965,Folk rock,2:18
(I Can't Get No) Satisfaction,The Rolling Stones,1,1965,Rock,2:40
"I'm Henry VIII, I Am",Herman's Hermits,1,1965,Beat,1:50
I Got You Babe,Sonny & Cher,1,1965,Folk rock,4:00
Help!,The Beatles,1,1965,Pop,2:18
Eve of Destruction,Barry McGuire,1,1965,Folk rock,3:35
Hang On Sloopy,The McCoys,1,1965,Garage rock,2:57
Yesterday,The Beatles,1,1965,Chamber pop,2:03
Get Off of My Cloud,The Rolling Stones,1,1965,Blues rock,2:55
I Hear a Symphony,The Supremes,1,1965,Pop,2:38
Turn! Turn! Turn! (To Everything There Is a Season),The Byrds,1,1965,Folk rock,3:49
Over and Over,The Dave Clark Five,1,1965,Beat,2:00
The Sound of Silence,Simon & Garfunkel,2,1974,Folk rock,4:21
We Can Work It Out,The Beatles,2,1966,Progressive rock,3:19
My Love,Petula Clark,3,1966,,2:43
Lightnin' Strikes,Lou Christie,1,1966,Pop,3:05
These Boots Are Made for Walkin',Nancy Sinatra,1,1966,Speed metal,3:44
The Ballad of the Green Berets,SSgt Barry Sadler,1,1966,,2:27
(You're My) Soul and Inspiration,The Righteous Brothers,1,1966,Pop,3:00
Good Lovin',The Young Rascals,1,1966,Rock,2:28
"Monday, Monday",The Mamas & the Papas,1,1966,Pop,3:25
When a Man Loves a Woman,Percy Sledge,2,1966,R&B,3:52
Paint It Black,The Rolling Stones,1,1966,Raga rock,
Paperback Writer,The Beatles,2,1966,Hard rock,
Strangers in the Night,Frank Sinatra,1,1966,Traditional pop,2:35
Hanky Panky,Tommy James and the Shondells,1,1966,Garage rock,2:59
Wild Thing,The Troggs,1,1966,Garage rock,2:30
Summer in the City,The Lovin' Spoonful,1,1966,Pop,2:39
Sunshine Superman,Donovan,1,1966,Pop rock,3:11
You Can't Hurry Love,The Supremes,1,1966,Blue-eyed soul,2:56
Cherish,The Association,1,1966,Pop,3:46
Reach Out I'll Be There,Four Tops,1,1975,Disco,3:07
96 Tears,? and the Mysterians,1,1966,,2:56
Last Train to Clarksville,The Monkees,1,1966,Country rock,2:46
Poor Side of Town,Johnny Rivers,1,1966,Baroque pop,3:48
You Keep Me Hangin' On,The Supremes,2,1996,Dance,3:44
Winchester Cathedral,The New Vaudeville Band,2,1966,Novelty,2:20
Good Vibrations,The Beach Boys,2,1966,,4:15
I'm a Believer,The Monkees,2,1966,Pop rock,3:02
Kind of a Drag,The Buckinghams,1,1967,Pop,2:05
Ruby Tuesday,The Rolling Stones,1,1967,Rock,4:31
Love Is Here and Now You're Gone,The Supremes,1,1967,Pop,2:45
Penny Lane,The Beatles,1,1967,Psychedelic pop,3:03
Happy Together,The Turtles,1,1967,Pop rock,2:50
Somethin' Stupid,Nancy Sinatra,1,1967,jazz,2:50
The Happening,The Supremes,1,1967,Pop,2:52
Groovin',The Young Rascals,2,1967,Instrumental rock,2:45
Respect,Aretha Franklin,1,1967,Soul,2:29
Windy,The Association,1,1967,Psychedelic pop,2:53
Light My Fire,The Doors,1,1967,Disco,8:22
All You Need Is Love,The Beatles,1,1967,Pop,3:57
Ode to Billie Joe,Bobbie Gentry,1,1967,Gothic country,4:15
The Letter,The Box Tops,1,1967,Rock,4:10
To Sir With Love,Lulu,1,1967,Pop,2:47
Incense and Peppermints,Strawberry Alarm Clock,1,1967,,2:47
Daydream Believer,The Monkees,1,1967,Country pop,2:26
"Hello, Goodbye",The Beatles,2,1967,Pop,3:27
Judy in Disguise (With Glasses),John Fred and His Playboy Band,1,1968,R&B,2:55
Green Tambourine,The Lemon Pipers,1,1968,,2:23
Love is Blue,Paul Mauriat,1,1968,Easy listening,2:31
(Sittin' On) The Dock of the Bay,Otis Redding,1,1979,Rock,3:03
Honey,Bobby Goldsboro,2,1968,Country,3:55
Tighten Up,Archie Bell & the Drells,1,1968,Funk,3:15
Mrs. Robinson,Simon & Garfunkel,1,1968,Pop-punk,3:43
This Guy's in Love with You,Herb Alpert,1,1968,Pop,3:55
Grazing in the Grass,Hugh Masekela,1,1968,Jazz,2:52
"Hello, I Love You",The Doors,1,1968,Rock,2:13
People Got to Be Free,The Rascals,1,1968,Blue-eyed soul,3:01
Harper Valley PTA,Jeannie C. Riley,1,1968,Country,3:16
Hey Jude,The Beatles,1,1968,,7:12
Love Child,Diana Ross & the Supremes,1,1968,,2:54
I Heard It Through the Grapevine,Marvin Gaye,2,1968,Brazilian bass,2:30
Crimson and Clover,Tommy James and the Shondells,1,1969,Punk rock,3:16
Everyday People,Sly & the Family Stone,1,1969,,2:22
Dizzy,Tommy Roe,1,1969,Bubblegum pop,3:18
Aquarius/Let the Sunshine In,The 5th Dimension,1,1969,,
Get Back,The Beatles,1,1969,,3:09
Love Theme from Romeo and Juliet,Henry Mancini,1,1969,Pop,2:29
In the Year 2525,Zager and Evans,1,1969,Psychedelic rock,3:10
Honky Tonk Women,The Rolling Stones,1,1969,Country rock,3:10
"Sugar, Sugar",The Archies,1,1969,Soul,3:00
I Can't Get Next to You,The Temptations,1,1969,Soul,3:48
Suspicious Minds,Elvis Presley,1,1969,Pop,3:52
Wedding Bell Blues,The 5th Dimension,1,1969,Sunshine Pop,2:42
Come Together,The Beatles,1,1969,,3:13
Na Na Hey Hey Kiss Him Goodbye,Steam,1,1969,A cappella,3:24
Leaving on a Jet Plane,"Peter, Paul and Mary",1,1969,Folk,3:27
Someday We'll Be Together,Diana Ross & the Supremes,1,1969,Soul,3:04
Raindrops Keep Fallin' on My Head,B. J. Thomas,1,1970,Pop,3:02
I Want You Back,The Jackson 5,1,1970,,3:23
Venus,Shocking Blue,1,1970,Dance-pop,3:08
Thank You (Falettinme Be Mice Elf Agin),Sly & the Family Stone,1,1970,Funk,4:50
Bridge over Troubled Water,Simon & Garfunkel,1,1970,Pop,3:53
Let It Be,The Beatles,1,1970,Pop,6:08
ABC,The Jackson 5,1,1970,,2:55
American Woman,The Guess Who,1,1970,Funk rock,4:21
Everything Is Beautiful,Ray Stevens,1,1970,,3:29
The Long and Winding Road,The Beatles,1,1970,Pop,3:40
The Love You Save,The Jackson 5,1,1970,Bubblegum,3:00
Mama Told Me (Not to Come),Three Dog Night,1,1970,Rock,3:00
(They Long to Be) Close to You,The Carpenters,1,1970,R&B,5:33
Make It with You,Bread,1,1970,Pop,3:18
War,Edwin Starr,1,1970,Hard rock,5:10
Ain't No Mountain High Enough,Diana Ross,1,1970,Psychedelic soul,2:28
Cracklin' Rosie,Neil Diamond,1,1970,Soft rock,2:54
I'll Be There,The Jackson 5,2,1970,Bachata,3:32
I Think I Love You,The Partridge Family,1,1970,Baroque pop,3:14
The Tears of a Clown,Smokey Robinson & the Miracles,1,1970,Soul,2:39
My Sweet Lord,George Harrison,2,1970,Soul,3:21
Knock Three Times,Dawn,1,1971,Country,2:57
One Bad Apple,The Osmonds,1,1971,Bubblegum,2:45
Me and Bobby McGee,Janis Joplin,1,1971,Blues rock,4:09
Just My Imagination (Running Away with Me),The Temptations,1,1971,Blues rock,4:38
Joy to the World,Three Dog Night,1,1971,Country Rock,3:40
Brown Sugar,The Rolling Stones,1,1971,,3:50
Want Ads,Honey Cone,1,1971,R&B,3:50
It's Too Late,Carole King,1,1971,Pop,3:57
Indian Reservation (The Lament of the Cherokee Reservation Indian),The Raiders,1,1971,Garage rock,2:55
You've Got a Friend,James Taylor,1,1971,Acid jazz,4:38
How Can You Mend a Broken Heart,Bee Gees,1,1971,Pop,3:57
Uncle Albert/Admiral Halsey,Paul,1,1971,Progressive pop,4:49
Maggie May,Rod Stewart,1,1971,,5:50
"Gypsys, Tramps & Thieves",Cher,1,1971,Pop,2:36
Theme from,Isaac Hayes,3,1971,Soul,3:15
Family Affair,Sly and the Family Stone,2,1973,,2:15
Brand New Key,Melanie,2,1971,,2:26
American Pie,Don McLean,1,1972,Dance-pop,4:33
Let's Stay Together,Al Green,1,1972,New wave,3:36
Without You,Nilsson,1,1972,Soft rock,3:17
Heart of Gold,Neil Young,1,1972,,3:07
A Horse with No Name,America,1,1972,Folk rock,4:08
The First Time Ever I Saw Your Face,Roberta Flack,1,1972,,
Oh Girl,The Chi-Lites,1,1972,Soft rock,3:33
I'll Take You There,The Staple Singers,1,1972,Funk,4:43
The Candy Man,Sammy Davis Jr.,1,1972,Future bass,2:58
Song Sung Blue,Neil Diamond,1,1972,Rock,3:15
Lean on Me,Bill Withers,2,1972,Hip hop,3:38
Alone Again (Naturally),Gilbert O'Sullivan,2,1972,Soft rock,3:36
Brandy (You're a Fine Girl),Looking Glass,1,1972,Soft rock,
Black and White,Three Dog Night,1,1972,Pop,3:51
"Baby, Don't Get Hooked on Me",Mac Davis,1,1972,Country pop,3:06
Ben,Michael Jackson,1,1985,Pop,2:44
My Ding-a-Ling,Chuck Berry,1,1972,,4:18
I Can See Clearly Now,Johnny Nash,1,1972,Pop-reggae,3:16
Papa Was a Rollin' Stone,The Temptations,1,1987,Soul,3:25
I Am Woman,Helen Reddy,1,1972,,3:24
Me and Mrs. Jones,Billy Paul,1,1972,Big band,4:33
You're So Vain,Carly Simon,1,1973,Soft rock,4:19
Superstition,Stevie Wonder,1,1973,,
Crocodile Rock,Elton John,1,1973,,
Killing Me Softly with His Song,Roberta Flack,2,1973,R&B,4:46
Love Train,The O'Jays,1,1973,Proto-disco,6:15
The Night the Lights Went Out in Georgia,Vicki Lawrence,1,1973,Country,4:17
Tie a Yellow Ribbon Round the Ole Oak Tree,Dawn featuring Tony Orlando,1,1973,Pop,3:20
You Are the Sunshine of My Life,Stevie Wonder,1,1973,,2:58
Frankenstein,The Edgar Winter Group,1,1973,Instrumental rock,
Give Me Love (Give Me Peace on Earth),George Harrison,1,1973,Folk rock,3:36
Will It Go Round in Circles,Billy Preston,1,1973,Funk,3:42
"Bad, Bad Leroy Brown",Jim Croce,1,1973,Boogie-woogie,3:02
The Morning After,Maureen McGovern,1,1973,Pop,2:14
Touch Me in the Morning,Diana Ross,1,1973,Pop,3:26
Brother Louie,Stories,1,1973,Rock,3:55
Let's Get It On,Marvin Gaye,2,1973,Soul,
Delta Dawn,Helen Reddy,1,1973,Pop,3:11
We're an American Band,Grand Funk,1,1973,Rock,3:26
Half-Breed,Cher,1,1973,,2:46
Angie,The Rolling Stones,1,1973,,4:33
Midnight Train to Georgia,Gladys Knight & the Pips,1,1973,Soul,4:38
Keep on Truckin',Eddie Kendricks,1,1973,Funk,3:21
Photograph,Ringo Starr,1,1973,Rock,4:00
Top of the World,The Carpenters,1,1973,Country pop,2:55
The Most Beautiful Girl,Charlie Rich,1,1973,Country,2:43
Time in a Bottle,Jim Croce,2,1973,Psychedelic folk,2:29
The Joker,Steve Miller Band,1,1974,Pop rock,
Show and Tell,Al Wilson,1,1974,Soul,3:30
You're Sixteen,Ringo Starr,1,1974,Pop,2:46
The Way We Were,Barbra Streisand,2,1974,Soul,4:48
Love's Theme,Love Unlimited Orchestra,1,1974,,3:30
Seasons in the Sun,Terry Jacks,1,1974,Pop,4:06
Dark Lady,Cher,1,1974,Pop,3:27
Sunshine on My Shoulders,John Denver,1,1974,Acoustic,3:35
Hooked on a Feeling,Blue Swede,1,1973,Pop rock,2:48
Bennie and the Jets,Elton John,1,1974,Glam rock,5:23
TSOP (The Sound of Philadelphia),MFSB,1,1974,Philadelphia soul,3:43
The Streak,Ray Stevens,1,1974,,3:18
Band on the Run,Paul McCartney & Wings,1,1974,Rock,5:09
Billy Don't Be a Hero,Bo Donaldson and The Heywoods,1,1974,Pop,3:25
Sundown,Gordon Lightfoot,1,1974,Folk rock,3:37
Rock the Boat,The Hues Corporation,1,1974,Post-disco,4:33
Rock Your Baby,George McCrae,1,1974,Disco,5:14
Annie's Song,John Denver,1,1974,Country,3:26
Feel Like Makin' Love,Roberta Flack,1,1974,Synth-pop,4:22
The Night Chicago Died,Paper Lace,1,1974,Pop rock,3:30
(You're) Having My Baby,Paul Anka,1,1974,Soft rock,2:32
I Shot the Sheriff,Eric Clapton,1,1974,Hip hop,4:10
"Can't Get Enough of Your Love, Babe",Barry White,1,1974,Dance-pop,4:25
Rock Me Gently,Andy Kim,1,1989,Country,3:31
I Honestly Love You,Olivia Newton-John,1,1998,Pop,4:04
Nothing From Nothing,Billy Preston,1,1974,Soul,2:38
Then Came You,Dionne Warwick,1,1974,Philadelphia soul,3:53
You Haven't Done Nothin',Stevie Wonder,1,1974,Funk rock,3:29
You Ain't Seen Nothing Yet,Bachman–Turner Overdrive,1,1991,Rock,4:08
Whatever Gets You thru the Night,John Lennon,1,1974,Pop,3:27
I Can Help,Billy Swan,1,1974,Rockabilly,2:58
Kung Fu Fighting,Carl Douglas,1,1974,Eurodance,3:45
Cat's in the Cradle,Harry Chapin,1,1993,Heavy metal,4:01
Angie Baby,Helen Reddy,1,1974,,3:29
Lucy in the Sky with Diamonds,Elton John,1,1975,Psychedelic pop,5:47
Mandy,Barry Manilow,1,1975,Soft rock,3:19
Laughter in the Rain,Neil Sedaka,1,1975,Pop,2:53
Fire,Ohio Players,1,1975,Funk,3:12
You're No Good,Linda Ronstadt,1,1974,Rock,3:44
Pick Up the Pieces,Average White Band,1,1975,Funk,
Best of My Love,Eagles,3,1975,Soft rock,
Have You Never Been Mellow,Olivia Newton-John,1,1975,,3:31
Black Water,The Doobie Brothers,1,1975,Roots rock,4:15
My Eyes Adored You,Frankie Valli,1,1975,Soul,3:32
Lady Marmalade,Labelle,2,1975,Pop,4:24
Lovin' You,Minnie Riperton,1,1975,Soul,3:57
Philadelphia Freedom,Elton John Band,1,1975,Philly soul,5:38
(Hey Won't You Play),B. J. Thomas,1,1975,Countrypolitan,3:23
He Don't Love You (Like I Love You),Tony Orlando and Dawn,1,1975,R&B,3:29
Shining Star,"Earth, Wind & Fire",1,1975,,2:50
Before the Next Teardrop Falls,Freddy Fender,1,1975,Country pop,2:33
Thank God I'm a Country Boy,John Denver,1,1975,Country,3:13
Sister Golden Hair,America,1,1975,Soft rock,3:16
Love Will Keep Us Together,Captain & Tennille,1,1975,Soft rock,3:24
Listen to What the Man Said,Wings,1,1975,Soft rock,3:36
The Hustle,Van McCoy and the Soul City Symphony,1,1975,Disco,3:29
One of These Nights,Eagles,1,1975,Rock,4:55
Jive Talkin',Bee Gees,1,1987,Funk,
Fallin' in Love,"Hamilton, Joe Frank & Reynolds",1,1975,Soft rock,3:56
Get Down Tonight,KC and the Sunshine Band,1,1975,,
Rhinestone Cowboy,Glen Campbell,1,1975,Country,3:15
Fame,David Bowie,2,1975,,3:36
Bad Blood,Neil Sedaka,2,1975,Rock,3:09
Island Girl,Elton John,1,1975,Reggae,3:42
That's the Way (I Like It),KC and the Sunshine Band,2,1997,Eurodance,3:45
"Fly, Robin, Fly",Silver Convention,1,1975,,3:50
Let's Do It Again,The Staple Singers,1,1975,Soul,3:30
Saturday Night,Bay City Rollers,1,1976,Bubblegum,2:56
Convoy,C. W. McCall,1,1976,Country,3:49
I Write the Songs,Barry Manilow,1,1976,Pop rock,4:05
Love Rollercoaster,Ohio Players,1,1976,Funk rock,
50 Ways to Leave Your Lover,Paul Simon,1,1976,,3:35
Love Machine,The Miracles,1,1976,Disco,2:55
"December, 1963 (Oh, What a Night)",The Four Seasons,1,1976,Disco,3:28
Disco Lady,Johnnie Taylor,1,1976,Soul,4:02
Let Your Love Flow,The Bellamy Brothers,1,1976,Southern rock,3:18
Welcome Back,John Sebastian,1,1976,Folk rock,2:51
Boogie Fever,The Sylvers,1,1976,Disco,3:31
Silly Love Songs,Wings,2,1976,R&B,5:55
Love Hangover,Diana Ross,1,1976,Disco,7:48
Afternoon Delight,Starland Vocal Band,1,1976,Soft rock,3:12
Kiss and Say Goodbye,The Manhattans,1,1976,R&B,4:28
Don't Go Breaking My Heart,Elton John,1,1976,House,4:59
You Should Be Dancing,Bee Gees,1,1976,Disco,3:30
"(Shake, Shake, Shake) Shake Your Booty",KC and the Sunshine Band,1,1976,Disco,3:07
Play That Funky Music,Wild Cherry,1,1976,Hip hop,4:45
A Fifth of Beethoven,Walter Murphy and the Big Apple Band,1,1976,Disco,3:02
Disco Duck,Rick Dees and His Cast of Idiots,1,1976,Disco,3:17
If You Leave Me Now,Chicago,1,1976,Dance,3:53
Rock'n Me,Steve Miller Band,1,1976,,3:05
Tonight's the Night (Gonna Be Alright),Rod Stewart,2,1976,Soft rock,3:56
You Don't Have to Be a Star (To Be in My Show),Marilyn McCoo,1,1977,Disco,4:41
You Make Me Feel Like Dancing,Leo Sayer,1,1977,,3:41
I Wish,Stevie Wonder,1,1977,Funk,
Car Wash,Rose Royce,1,1977,Disco,3:50
Torn Between Two Lovers,Mary MacGregor,1,1977,Soft rock,3:40
Blinded by the Light,Manfred Mann's Earth Band,1,1977,Progressive rock,7:08
New Kid in Town,Eagles,1,1977,Yacht rock,5:04
Evergreen (Love Theme from,Barbra Streisand,1,1977,,3:04
Rich Girl,Daryl Hall and John Oates,1,1977,Philadelphia soul,3:56
Dancing Queen,ABBA,1,1977,Disco,3:50
Don't Give Up on Us,David Soul,1,1977,Soft rock,3:32
Don't Leave Me This Way,Thelma Houston,1,1977,Hi-NRG,4:50
Southern Nights,Glen Campbell,1,1977,Country pop,3:00
Hotel California,Eagles,1,1977,Rock,
When I Need You,Leo Sayer,1,1977,Soft rock,4:09
Sir Duke,Stevie Wonder,1,1977,Pop,3:52
I'm Your Boogie Man,KC and the Sunshine Band,1,1996,Disco,4:27
Dreams,Fleetwood Mac,1,1977,Soft rock,4:18
Got to Give It Up,Marvin Gaye,1,1977,Funk,11:52
Gonna Fly Now (Theme From,Bill Conti,1,1977,Philly soul,2:48
Undercover Angel,Alan O'Day,1,1977,Pop,4:12
Da Doo Ron Ron,Shaun Cassidy,1,1977,Country rock,2:47
Looks Like We Made It,Barry Manilow,1,1977,Soft rock,3:33
I Just Want to Be Your Everything,Andy Gibb,2,1977,Country,3:16
,Meco,1,1977,,3:32
You Light Up My Life,Debby Boone,1,1977,Country,3:37
How Deep Is Your Love,Bee Gees,2,1977,Pop,3:40
Baby Come Back,Player,1,1978,Soft rock,
Stayin' Alive,Bee Gees,1,1978,Disco,4:57
(Love Is) Thicker Than Water,Andy Gibb,1,1978,Pop,3:23
Night Fever,Bee Gees,1,1978,Eurodance,3:45
If I Can't Have You,Yvonne Elliman,1,1978,Disco,3:18
With a Little Luck,Wings,1,1978,Synth-pop,5:45
"Too Much, Too Little, Too Late",Johnny Mathis,1,1978,Soul,3:00
You're the One That I Want,John Travolta,1,1993,Pop,3:27
Shadow Dancing,Andy Gibb,1,1978,Disco,4:33
Miss You,The Rolling Stones,1,1978,Disco,
Three Times a Lady,Commodores,1,1978,Country,3:42
Grease,Frankie Valli,1,1978,,3:21
Boogie Oogie Oogie,A Taste of Honey,1,1978,Disco,5:37
Kiss You All Over,Exile,1,1997,Europop,4:36
Hot Child in the City,Nick Gilder,1,1978,Rock,3:09
You Needed Me,Anne Murray,1,1978,Soft rock,3:27
MacArthur Park,Donna Summer,1,1978,Disco,8:27
You Don't Bring Me Flowers,Barbra Streisand,2,1978,Easy listening,3:25
Le Freak,Chic,3,1978,Disco,
Too Much Heaven,Bee Gees,1,1979,Hip hop,3:56
Da Ya Think I'm Sexy?,Rod Stewart,1,1979,Eurodance,5:05
I Will Survive,Gloria Gaynor,2,1997,R&B,4:48
Tragedy,Bee Gees,1,1979,Pop,5:03
What a Fool Believes,The Doobie Brothers,1,1991,Latin jazz,4:23
Knock on Wood,Amii Stewart,1,1979,Disco,6:11
Heart of Glass,Blondie,1,1979,Rock and roll,3:33
Reunited,Peaches & Herb,1,1979,R&B,5:46
Hot Stuff,Donna Summer,2,1979,Dance,3:19
Love You Inside Out,Bee Gees,1,1979,Funk,4:12
Ring My Bell,Anita Ward,1,1979,Disco,3:22
Bad Girls,Donna Summer,1,1979,Disco,4:55
Good Times,Chic,1,1979,Funk,4:01
My Sharona,The Knack,1,1979,Power pop,3:58
Sad Eyes,Robert John,1,1979,Soft rock,4:12
Don't Stop 'Til You Get Enough,Michael Jackson,1,1979,Disco,
Rise,Herb Alpert,1,1979,Jazz-funk,7:40
Pop Muzik,M,1,1979,,3:21
Heartache Tonight,Eagles,1,1979,Country,4:17
Still,Commodores,1,1979,Pop,5:50
No More Tears (Enough Is Enough),Barbra Streisand,1,1979,Dance-pop,
Babe,Styx,1,1979,Pop,4:28
Escape (The Piña Colada Song),Rupert Holmes,2,1979,Soft rock,4:36
Please Don't Go,KC and the Sunshine Band,1,1980,Dance,2:58
Rock with You,Michael Jackson,1,1980,Disco,
Do That to Me One More Time,Captain & Tennille,1,1980,Soft rock,3:45
Crazy Little Thing Called Love,Queen,1,1980,Country,2:22
"Another Brick in the Wall, Part II",Pink Floyd,1,1980,Industrial rock,7:08
Call Me,Blondie,1,1980,Dance-rock,
Funkytown,Lipps Inc.,1,1980,Minneapolis sound,4:54
Coming Up,Paul McCartney,1,1980,Funk rock,3:49
It's Still Rock and Roll to Me,Billy Joel,1,1980,,2:57
Magic,Olivia Newton-John,1,1980,Electropop,3:37
Sailing,Christopher Cross,1,1980,,4:14
Upside Down,Diana Ross,1,1999,Disco,3:30
Another One Bites the Dust,Queen,1,1996,Funk rock,3:48
Woman in Love,Barbra Streisand,1,1980,R&B,3:53
Lady,Kenny Rogers,1,1980,Country,3:54
(Just Like) Starting Over,John Lennon,2,1980,Pop rock,3:54
The Tide Is High,Blondie,1,1981,Pop,3:42
Celebration,Kool & the Gang,1,1981,Post-disco,4:06
9 to 5,Dolly Parton,2,1981,Country pop,2:43
I Love a Rainy Night,Eddie Rabbitt,1,1981,Country,3:08
Keep On Loving You,REO Speedwagon,1,1981,Soft rock,3:20
Rapture,Blondie,1,1981,,6:31
Kiss on My List,Daryl Hall and John Oates,1,1981,Synth-pop,4:25
Morning Train (Nine to Five),Sheena Easton,1,1981,Pop,3:20
Bette Davis Eyes,Kim Carnes,2,1981,New wave,3:48
Stars on 45,Stars on 45,1,1981,,
The One That You Love,Air Supply,1,1981,Soft rock,4:17
Jessie's Girl,Rick Springfield,1,1981,Power pop,3:14
Endless Love,Diana Ross,1,1981,R&B,4:18
Arthur's Theme (Best That You Can Do),Christopher Cross,1,1981,Pop,3:53
Private Eyes,Daryl Hall and John Oates,1,1981,Pop,3:29
Physical,Olivia Newton-John,2,1981,,3:44
I Can't Go for That (No Can Do),Daryl Hall and John Oates,1,1982,Synth-pop,
Centerfold,The J. Geils Band,1,1982,,3:36
I Love Rock 'n' Roll,Joan Jett and the Blackhearts,1,1982,Pop rock,3:23
Chariots of Fire,Vangelis,1,1982,Electronic,3:32
Ebony and Ivory,Paul McCartney,1,1982,,3:42
Don't You Want Me,The Human League,1,1982,Eurodance,3:27
Eye of the Tiger,Survivor,1,1982,Hard rock,4:04
Abracadabra,Steve Miller Band,2,1982,,5:08
Hard to Say I'm Sorry,Chicago,1,1982,R&B,3:17
Jack & Diane,John Cougar,1,1982,,4:16
Who Can It Be Now?,Men at Work,1,1982,,3:23
Up Where We Belong,Joe Cocker,1,1982,,
Truly,Lionel Richie,1,1982,Pop,3:20
Mickey,Toni Basil,1,1982,,3:35
Maneater,Daryl Hall and John Oates,2,1982,Synth-pop,4:31
Down Under,Men at Work,2,1983,Drum and bass,3:22
Africa,Toto,1,1983,Pop,
"Baby, Come to Me",Patti Austin,1,1983,Quiet storm,3:31
Billie Jean,Michael Jackson,1,2002,Post-disco,4:25
Come On Eileen,Dexys Midnight Runners,1,1983,,4:12
Beat It,Michael Jackson,1,1983,Hard rock,3:48
Let's Dance,David Bowie,1,1983,Funk,
Flashdance... What a Feeling,Irene Cara,1,2005,Dance-pop,6:06
Every Breath You Take,The Police,1,1983,New wave,3:56
Sweet Dreams (Are Made of This),Eurythmics,1,1983,Industrial rock,3:28
Maniac,Michael Sembello,1,1983,Synth-pop,
Tell Her About It,Billy Joel,1,1983,Soul,3:52
Total Eclipse of the Heart,Bonnie Tyler,1,2007,Pop rock,4:40
Islands in the Stream,Kenny Rogers,1,1983,Country,4:23
All Night Long (All Night),Lionel Richie,1,1983,Pop,3:08
Say Say Say,Paul McCartney,2,1983,Tropical House,2:55
Owner of a Lonely Heart,Yes,1,1984,Dance-rock,
Karma Chameleon,Culture Club,1,1984,New wave,
Jump,Van Halen,2,1993,Hard rock,4:27
Footloose,Kenny Loggins,1,1984,Country pop,3:38
Against All Odds (Take a Look at Me Now),Phil Collins,1,1984,Pop rock,3:12
Hello,Lionel Richie,3,1984,,4:08
Let's Hear It for the Boy,Deniece Williams,1,1984,Dance-pop,4:20
Time After Time,Cyndi Lauper,1,1984,,4:01
The Reflex,Duran Duran,1,1984,Dance-pop,
When Doves Cry,Prince,1,1984,R&B,5:09
Ghostbusters,Ray Parker Jr.,1,1984,Hip hop,3:07
What's Love Got to Do with It,Tina Turner,1,1984,Tropical house,3:28
Missing You,John Waite,1,1984,Country,3:46
Let's Go Crazy,the Revolution,1,1984,Hard rock,3:50
I Just Called to Say I Love You,Stevie Wonder,1,1984,R&B,6:17
Caribbean Queen (No More Love on the Run),Billy Ocean,1,1984,Post-disco,
Wake Me Up Before You Go-Go,Wham!,1,1984,Bubblegum pop,3:50
Out of Touch,Daryl Hall and John Oates,1,1984,Dance-rock,2:47
Like a Virgin,Madonna,2,1984,Dance-pop,
I Want to Know What Love Is,Foreigner,1,1985,Soft rock,5:41
Careless Whisper,Wham!,1,1985,Pop,
Can't Fight This Feeling,REO Speedwagon,1,1985,Soft rock,3:18
One More Night,Phil Collins,2,1985,Soft rock,
We Are the World,USA for Africa,1,1985,Pop,
Crazy for You,Madonna,1,1985,Pop,4:08
Don't You (Forget About Me),Simple Minds,1,1985,New wave,4:20
Everything She Wants,Wham!,1,1985,Post-disco,
Everybody Wants to Rule the World,Tears for Fears,1,1985,Industrial,2:35
Heaven,Bryan Adams,1,2003,Eurodance,4:04
Sussudio,Phil Collins,1,1985,Funk,
A View to a Kill,Duran Duran,1,1985,Synth-pop,3:37
Everytime You Go Away,Paul Young,1,1985,Soft rock,4:02
Shout,Tears for Fears,1,1985,,
The Power of Love,Huey Lewis and the News,2,1985,Pop rock,
St. Elmo's Fire (Man in Motion),John Parr,1,1985,Rock,4:08
Money for Nothing,Dire Straits,1,1985,Pop rock,
Oh Sheila,Ready for the World,1,1999,Eurodance,3:13
Take On Me,a-ha,1,1985,Ska punk,3:46
Saving All My Love for You,Whitney Houston,1,1985,R&B,3:58
Part-Time Lover,Stevie Wonder,1,1985,,4:12
Miami Vice Theme,Jan Hammer,1,1985,Electronic rock,2:26
We Built This City,Starship,1,1985,Comedy rock,4:20
Separate Lives,Marilyn Martin,1,1985,Soft rock,4:06
Broken Wings,Mr. Mister,1,1985,Pop rock,
"Say You, Say Me",Lionel Richie,1,1985,Country,5:09
Walk Like an Egyptian,The Bangles,1,1987,Pop rock,3:24
Shake You Down,Gregory Abbott,1,1987,R&B,4:05
At This Moment,Billy Vera and the Beaters,1,1987,Blue-eyed soul,4:21
Open Your Heart,Madonna,1,1987,Dance-pop,
Livin' on a Prayer,Bon Jovi,1,1987,,4:11
Jacob's Ladder,Huey Lewis and the News,1,1987,Rock,3:33
Nothing's Gonna Stop Us Now,Starship,1,1987,Soft rock,4:29
I Knew You Were Waiting (For Me),Aretha Franklin,1,1987,Dance-pop,4:01
(I Just) Died in Your Arms,Cutting Crew,1,1987,Pop rock,4:39
With or Without You,U2,1,1987,Rock,4:56
Always,Atlantic Starr,1,1987,,
Head to Toe,Lisa Lisa and Cult Jam,1,1987,Freestyle,5:03
I Wanna Dance with Somebody (Who Loves Me),Whitney Houston,1,1987,Dance-pop,4:51
Alone,Heart,1,1987,Pop rock,3:23
Shakedown,Bob Seger,1,1987,Hard rock,4:03
I Still Haven't Found What I'm Looking For,U2,1,1987,R&B,4:02
Who's That Girl,Madonna,1,1987,Dance-pop,3:58
La Bamba,Los Lobos,1,1987,Rock and roll,2:54
I Just Can't Stop Loving You,Michael Jackson,1,1987,Pop,4:25
Didn't We Almost Have It All,Whitney Houston,1,1987,,5:07
Here I Go Again,Whitesnake,1,1987,Glam metal,5:09
Lost in Emotion,Lisa Lisa and Cult Jam,1,1987,Freestyle,
Bad,Michael Jackson,1,1987,Dance-pop,4:29
I Think We're Alone Now,Tiffany,1,1987,Punk rock,2:14
Mony Mony,Billy Idol,1,1987,Dance-rock,4:00
(I've Had) The Time of My Life,Bill Medley,1,1987,,
Heaven Is a Place on Earth,Belinda Carlisle,1,1987,Power pop,
Faith,George Michael,2,1987,Nu metal,2:26
So Emotional,Whitney Houston,1,1988,Rock,4:36
Got My Mind Set on You,George Harrison,1,1988,,3:50
The Way You Make Me Feel,Michael Jackson,1,1988,Pop,
Need You Tonight,INXS,1,1988,Funk rock,3:00
Could've Been,Tiffany,1,1988,Pop,
Seasons Change,Exposé,1,1988,Synth-pop,
Father Figure,George Michael,1,1988,Pop,5:40
Never Gonna Give You Up,Rick Astley,1,1988,Dance-pop,
Man in the Mirror,Michael Jackson,1,1988,Pop,
"Get Outta My Dreams, Get into My Car",Billy Ocean,1,1988,Dance-pop,
Where Do Broken Hearts Go,Whitney Houston,1,1988,,4:38
Wishing Well,Terence Trent D'Arby,1,1988,,3:33
Anything for You,Gloria Estefan,1,1988,Pop,
One More Try,George Michael,2,1988,R&B,5:43
Together Forever,Rick Astley,1,1988,Dance-pop,3:24
Foolish Beat,Debbie Gibson,1,1988,,4:22
Dirty Diana,Michael Jackson,1,1988,Pop rock,
The Flame,Cheap Trick,1,1999,Dance,4:44
Hold On to the Nights,Richard Marx,1,1988,Soft rock,5:12
Roll With It,Steve Winwood,1,1988,Funk,4:30
Monkey,George Michael,1,1988,Dance-rock,
Sweet Child o' Mine,Guns N' Roses,1,1988,Indie pop,3:49
"Don't Worry, Be Happy",Bobby McFerrin,1,1988,Reggae,4:54
Love Bites,Def Leppard,1,1988,Glam metal,5:46
Red Red Wine,UB40,1,1988,Reggae,2:42
A Groovy Kind of Love,Phil Collins,1,1988,Pop,3:30
Kokomo,The Beach Boys,1,1988,Pop,3:35
"Wild, Wild West",The Escape Club,1,1988,Dance-rock,
Bad Medicine,Bon Jovi,1,1988,Glam metal,
"Baby, I Love Your Way/Freebird Medley",Will to Power,1,1988,Freestyle,4:07
Look Away,Chicago,1,1988,Rock,4:02
Every Rose Has Its Thorn,Poison,2,1988,Glam metal,4:20
My Prerogative,Bobby Brown,1,1989,Synth-pop,3:33
Two Hearts,Phil Collins,1,1989,Pop,3:23
When I'm with You,Sheriff,1,1989,Soft rock,3:58
Straight Up,Paula Abdul,1,1989,Dance-pop,4:11
Lost in Your Eyes,Debbie Gibson,1,1989,Pop,
The Living Years,Mike + the Mechanics,1,1989,Soft rock,5:32
Eternal Flame,The Bangles,1,1989,Pop,3:17
The Look,Roxette,1,1989,Electropop,3:58
She Drives Me Crazy,Fine Young Cannibals,1,1989,Dance-rock,
Like a Prayer,Madonna,1,1989,Dance-pop,5:41
I'll Be There for You,Bon Jovi,1,1989,Glam metal,
Forever Your Girl,Paula Abdul,1,1989,Dance-pop,4:58
Rock On,Michael Damian,1,1989,Glam rock,3:21
Wind Beneath My Wings,Bette Midler,1,1989,Pop,4:40
I'll Be Loving You (Forever),New Kids on the Block,1,1989,,4:28
Satisfied,Richard Marx,1,1989,Rock,
Baby Don't Forget My Number,Milli Vanilli,1,1989,Dance-pop,
Good Thing,Fine Young Cannibals,1,1989,Northern soul,3:24
If You Don't Know Me by Now,Simply Red,1,1989,Smooth soul,3:24
Toy Soldiers,Martika,1,1989,Pop rock,
Batdance,Prince,1,1989,,
Right Here Waiting,Richard Marx,1,1989,R&B,4:29
Cold Hearted,Paula Abdul,1,1989,New jack swing,3:51
Hangin' Tough,New Kids on the Block,1,1989,,
Don't Wanna Lose You,Gloria Estefan,1,1989,Pop,4:12
Girl I'm Gonna Miss You,Milli Vanilli,1,1989,,
Miss You Much,Janet Jackson,1,1989,,
Listen to Your Heart,Roxette,1,1989,Trance,3:51
When I See You Smile,Bad English,1,1989,Glam metal,4:17
Blame It on the Rain,Milli Vanilli,1,1989,Dance-pop,
We Didn't Start the Fire,Billy Joel,1,1989,Pop rock,
Another Day in Paradise,Phil Collins,2,1989,,4:32
How Am I Supposed to Live Without You,Michael Bolton,1,1990,Soft rock,4:29
Opposites Attract,Paula Abdul,1,1990,Minneapolis sound,
Escapade,Janet Jackson,1,1990,Dance-pop,4:44
Black Velvet,Alannah Myles,1,1990,Country,4:43
Love Will Lead You Back,Taylor Dayne,1,1990,Pop,4:38
I'll Be Your Everything,Tommy Page,1,1990,,4:10
Nothing Compares 2 U,Sinéad O'Connor,1,1990,Pop,5:10
Vogue,Madonna,1,1990,House,
Hold On,Wilson Phillips,1,1990,Pop,
It Must Have Been Love,Roxette,1,1990,Pop,3:20
Step by Step,New Kids on the Block,1,1990,Dance-pop,4:29
She Ain't Worth It,Glenn Medeiros,1,1990,New jack swing,3:38
Vision of Love,Mariah Carey,1,1990,,3:29
If Wishes Came True,Sweet Sensation,1,1990,Pop rock,
Blaze of Glory,Jon Bon Jovi,1,1990,Hard rock,
Release Me,Wilson Phillips,1,1990,Pop,
(Can't Live Without Your) Love and Affection,Nelson,1,1990,Glam metal,3:55
Close to You,Maxi Priest,1,1990,Pop,
Praying for Time,George Michael,1,1990,Pop,3:31
I Don't Have the Heart,James Ingram,1,1990,R&B,4:59
Black Cat,Janet Jackson,1,1990,Hard rock,4:50
Ice Ice Baby,Vanilla Ice,1,1990,Hip hop,3:46
Love Takes Time,Mariah Carey,1,1990,Pop,3:49
I'm Your Baby Tonight,Whitney Houston,1,1990,R&B,
Because I Love You (The Postman Song),Stevie B,1,1990,Pop,3:08
Justify My Love,Madonna,1,1991,Hip hop,4:58
Love Will Never Do (Without You),Janet Jackson,1,1991,Dance-pop,
The First Time,Surface,1,1991,R&B,4:16
Gonna Make You Sweat (Everybody Dance Now),C+C Music Factory,1,1991,Hip house,4:06
All the Man That I Need,Whitney Houston,1,1991,,4:11
Someday,Mariah Carey,1,1991,,4:06
Coming Out of the Dark,Gloria Estefan,1,1991,,4:02
I've Been Thinking About You,Londonbeat,1,1991,Dance-pop,
You're in Love,Wilson Phillips,1,1991,Pop,
Baby Baby,Amy Grant,1,1991,Pop,3:57
Joyride,Roxette,1,1991,,
I Like the Way (The Kissing Game),Hi-Five,1,1991,New jack swing,5:49
I Don't Wanna Cry,Mariah Carey,1,1991,Pop,
More Than Words,Extreme,1,1991,Glam metal,
Rush Rush,Paula Abdul,1,1991,,4:56
Unbelievable,EMF,1,1991,,3:30
(Everything I Do) I Do It for You,Bryan Adams,1,1991,R&B,4:06
The Promise of a New Day,Paula Abdul,1,1991,Dance-pop,
I Adore Mi Amor,Color Me Badd,1,1991,R&B,4:49
Emotions,Mariah Carey,1,1991,R&B,4:08
Romantic,Karyn White,1,1991,,4:07
Cream,Prince,1,1991,Pop,4:12
Set Adrift on Memory Bliss,P.M. Dawn,1,1991,Hip hop,4:10
Black or White,Michael Jackson,2,1991,Pop,
All 4 Love,Color Me Badd,1,1992,New jack swing,3:30
Don't Let the Sun Go Down on Me,George Michael,1,1992,,5:47
I'm Too Sexy,Right Said Fred,1,1992,Dance-pop,2:50
To Be with You,Mr. Big,1,1992,Glam metal,3:27
Save the Best for Last,Vanessa Williams,1,1992,Pop,3:40
Baby Got Back,Sir Mix-a-Lot,1,1992,Miami bass,4:21
This Used to Be My Playground,Madonna,1,1992,Pop,5:08
End of the Road,Boyz II Men,1,1992,R&B,
How Do You Talk to an Angel,The Heights,1,1992,Pop rock,3:48
I Will Always Love You,Whitney Houston,2,1992,Dance,3:22
A Whole New World,Peabo Bryson,1,1992,Pop,3:56
Informer,Snow,1,1993,Reggae fusion,4:28
Freak Me,Silk,1,1993,,4:36
That's the Way Love Goes,Janet Jackson,1,1993,,4:24
Weak,SWV,1,1993,,
Can't Help Falling in Love,UB40,1,1993,Dance-pop,3:06
Dreamlover,Mariah Carey,1,1993,,3:53
I'd Do Anything for Love (But I Won't Do That),Meat Loaf,1,1993,Wagnerian rock,
Again,Janet Jackson,1,1993,Pop,3:47
Hero,Mariah Carey,2,1993,J-pop,4:21
All for Love,Bryan Adams,1,1994,Arena rock,3:10
The Sign,Ace of Base,2,1994,,3:08
Bump n' Grind,R. Kelly,1,1994,House,3:00
I Swear,All-4-One,1,1994,Pop,4:18
Stay (I Missed You),Lisa Loeb & Nine Stories,1,1994,,3:04
I'll Make Love to You,Boyz II Men,1,1994,R&B,3:56
On Bended Knee,,3,1994,R&B,5:29
Here Comes the Hotstepper,Ini Kamoze,1,1994,Hip hop,4:13
Creep,TLC,1,1995,R&B,4:29
Take a Bow,Madonna,2,1995,,5:21
This Is How We Do It,Montell Jordan,1,1995,House,3:04
Have You Ever Really Loved a Woman?,Bryan Adams,1,1995,Latin rock,4:50
Waterfalls,TLC,1,1995,Pop,3:23
Kiss from a Rose,Seal,1,1995,Rock,
You Are Not Alone,Michael Jackson,1,1995,R&B,4:29
Gangsta's Paradise,Coolio,1,1995,Pop rap,4:04
Fantasy,Mariah Carey,1,1995,,4:04
Exhale (Shoop Shoop),Whitney Houston,1,1995,,3:25
One Sweet Day,Mariah Carey and Boyz II Men,2,1995,Pop,4:42
Because You Loved Me,Céline Dion,1,1996,Pop,4:33
Always Be My Baby,Mariah Carey,1,1996,,4:18
Tha Crossroads,Bone Thugs-n-Harmony,1,1996,Hip hop,3:10
How Do U Want It,2Pac,1,1996,Hip hop,
You're Makin' Me High,Toni Braxton,1,1996,R&B,
"Macarena"" (Bayside Boys Mix)",Los del Río,1,1996,Flamenco,2:11
No Diggity,Blackstreet,1,1996,,
Un-Break My Heart,Toni Braxton,2,2004,Pop,4:36
Wannabe,Spice Girls,1,1997,Dance-pop,2:54
Can't Nobody Hold Me Down,Puff Daddy,1,1997,Hip hop,3:52
Hypnotize,The Notorious B.I.G.,1,1997,,
MMMBop,Hanson,1,1997,Pop rock,
I'll Be Missing You,Faith Evans,1,1997,Rap rock,
Mo Money Mo Problems,The Notorious B.I.G. featuring Puff Daddy and Mase,1,1997,Hip hop,3:49
4 Seasons of Loneliness,Boyz II Men,1,1997,,
Candle in the Wind 1997,Elton John,2,1997,Pop rock,
Truly Madly Deeply,Savage Garden,1,1998,Pop,4:37
Together Again,Janet,1,1998,Dance-pop,5:01
Nice & Slow,Usher,1,1998,,3:48
My Heart Will Go On,Céline Dion,1,1998,Pop,
Gettin' Jiggy wit It,Will Smith,1,1998,,3:48
All My Life,K-Ci & JoJo,1,1998,,
Too Close,Next,2,1998,R&B,3:47
My All,Mariah Carey,1,1998,,3:51
The Boy Is Mine,Brandy,1,1998,R&B,
I Don't Want to Miss a Thing,Aerosmith,1,1998,Country,4:10
The First Night,Monica,2,1998,,3:55
One Week,Barenaked Ladies,1,1998,Alternative rock,2:48
Doo Wop (That Thing),Lauryn Hill,1,1998,Doo-wop,
Lately,Divine,1,1998,R&B,5:10
I'm Your Angel,R. Kelly,2,1998,,5:31
Have You Ever?,Brandy,1,1999,Pop,4:33
...Baby One More Time,Britney Spears,1,1999,,3:30
Angel of Mine,Monica,1,1999,Pop,4:10
Believe,Cher,1,1999,Eurodance,3:59
No Scrubs,TLC,1,1999,R&B,
Livin' la Vida Loca,Ricky Martin,1,1999,Latin pop,4:03
If You Had My Love,Jennifer Lopez,1,1999,Pop,4:26
"Bills, Bills, Bills",Destiny's Child,1,1999,R&B,4:15
Wild Wild West,Will Smith,1,1999,Country rap,
Genie in a Bottle,Christina Aguilera,1,1999,Soul-pop,3:36
Bailamos,Enrique Iglesias,1,1999,Latin pop,3:38
Unpretty,TLC,1,1999,Pop rock,
Heartbreaker,Mariah Carey,1,1999,,4:47
Smooth,Santana,2,1999,Latin rock,
What a Girl Wants,Christina Aguilera,1,2000,,
I Knew I Loved You,Savage Garden,2,2000,,4:10
Thank God I Found You,Mariah Carey,1,2000,Pop,4:17
Amazed,Lonestar,1,2008,Pop,3:58
Say My Name,Destiny's Child,1,2000,,
Maria Maria,The Product G&B,1,2000,Hip hop,4:23
Try Again,Aaliyah,1,2000,R&B,
Be with You,Enrique Iglesias,1,2000,Dance-pop,3:40
Everything You Want,Vertical Horizon,1,2000,Pop rock,
Bent,Matchbox Twenty,1,2000,Rock,4:16
It's Gonna Be Me,NSYNC,1,2000,Pop,3:11
Incomplete,Sisqó,1,2000,,4:35
Doesn't Really Matter,Janet,1,2000,Electropop,4:18
Music,Madonna,1,2000,Dance-pop,3:44
Come On Over Baby (All I Want Is You),Christina Aguilera,1,2000,,3:09
With Arms Wide Open,Creed,1,2000,,
Independent Women,Destiny's Child,2,2000,,3:37
It Wasn't Me,Shaggy,1,2001,Reggae,3:47
Ms. Jackson,OutKast,1,2001,Hip hop,
Stutter,Joe,1,2001,R&B,
Butterfly,Crazy Town,2,2001,,3:36
Angel,Rayvon,1,2001,,
All for You,Janet Jackson,1,2001,Dance-pop,
U Remind Me,Usher,1,2001,R&B,4:27
Bootylicious,Destiny's Child,1,2001,R&B,3:28
Fallin',Alicia Keys,2,2001,,
I'm Real (Murder Remix),Jennifer Lopez,2,2001,,
U Got It Bad,Usher,2,2001,R&B,4:07
How You Remind Me,Nickelback,2,2001,,4:05
Always on Time,Ja Rule,1,2002,,4:05
Ain't It Funny (Murder Remix),Jennifer Lopez,1,2002,Hip hop,3:54
Foolish,Ashanti,1,2002,R&B,3:47
Hot in Herre,Nelly,1,2002,Hip hop,3:49
Dilemma,Kelly Rowland,2,2002,Pop,2:40
A Moment Like This,Kelly Clarkson,1,2002,Pop,4:17
Lose Yourself,Eminem,2,2002,Hip hop,
"Bump, Bump, Bump",B2K,1,2003,R&B,
All I Have,Jennifer Lopez,1,2003,R&B,4:14
In da Club,50 Cent,1,2003,Hip hop,3:10
Get Busy,Sean Paul,1,2003,Dancehall,3:32
21 Questions,Nate Dogg,1,2003,R&B,3:10
This Is the Night,Clay Aiken,1,2003,Pop,3:32
Crazy in Love,Beyoncé,1,2003,R&B,3:46
Shake Ya Tailfeather,Nelly,1,2003,Hip hop,4:53
Baby Boy,Beyoncé featuring Sean Paul,1,2003,,4:04
Stand Up,Ludacris,1,2003,Hip hop,3:33
Hey Ya!,OutKast,2,2003,,3:55
The Way You Move,Sleepy Brown,1,2004,Smooth jazz,4:09
Slow Jamz,Twista,1,2004,Hip hop,
Yeah!,Usher,1,2004,,4:13
Burn,Usher,2,2004,,4:15
I Believe,Fantasia,1,2004,,5:02
Confessions Part II,,1,2004,R&B,3:49
Slow Motion,Juvenile,1,2004,Dirty rap,4:08
Lean Back,Terror Squad,1,2004,Hip hop,4:07
Goodies,Ciara,1,2004,Crunk&B,3:43
My Boo,Alicia Keys,1,2004,,3:42
Drop It Like It's Hot,Snoop Dogg,1,2004,,4:30
Let Me Love You,Mario,1,2005,R&B,4:11
Candy Shop,50 Cent,1,2005,East Coast hip hop,3:29
Hollaback Girl,Gwen Stefani,1,2005,Hip hop,3:19
We Belong Together,Mariah Carey,1,2005,R&B,3:21
Inside Your Heaven,Carrie Underwood,1,2005,Pop,4:12
"We Belong Together""†",Mariah Carey,1,,,
Gold Digger,Kanye West,1,2005,Pop rap,3:28
Run It!,Chris Brown,1,2005,,
Don't Forget About Us,Mariah Carey,2,2005,,3:53
Laffy Taffy,D4L,1,2006,Snap,3:44
Grillz,Nelly,1,2006,,4:30
Check on It,Beyoncé,1,2006,,3:30
You're Beautiful,James Blunt,1,2006,Pop rock,
So Sick,Ne-Yo,1,2006,R&B,3:27
Temperature,Sean Paul,1,2006,Dancehall,
Bad Day,Daniel Powter,1,2006,,3:55
SOS,Rihanna,1,2006,Dance-pop,3:59
Ridin',Chamillionaire,1,2006,Hip hop,5:02
Hips Don't Lie,Shakira,1,2006,,3:38
Do I Make You Proud,Taylor Hicks,1,2006,Soul,4:13
Promiscuous,Nelly Furtado,1,2006,,4:02
London Bridge,Fergie,1,2006,Pop rap,
SexyBack,Justin Timberlake,1,2006,Electro-R&B,4:02
Money Maker,Ludacris,1,2006,Dirty rap,
I Wanna Love You,Akon,1,2006,,4:07
Irreplaceable,Beyoncé,2,2006,Pop,3:47
Say It Right,Nelly Furtado,1,2007,Pop,3:43
What Goes Around...Comes Around,Justin Timberlake,1,2007,Psychedelic pop,
This Is Why I'm Hot,Mims,1,2007,Hip hop,4:13
Glamorous,Fergie,1,2007,R&B,4:06
Don't Matter,Akon,1,2007,Reggae fusion,4:54
Give It to Me,Timbaland,1,2007,Electro,
Girlfriend,Avril Lavigne,1,2007,Pop punk,3:05
Makes Me Wonder,Maroon 5,2,2007,Alternative dance,3:31
Buy U a Drank (Shawty Snappin'),T-Pain,1,2007,Hip hop,3:48
Umbrella,Rihanna,1,2007,Pop punk,3:07
Hey There Delilah,Plain White T's,1,2006,Folk-pop,3:52
Beautiful Girls,Sean Kingston,1,2007,R&B,3:32
Crank That (Soulja Boy),Soulja Boy Tell 'Em,2,2007,,3:42
Stronger,Kanye West,1,2007,Hip hop,5:15
Kiss Kiss,Chris Brown,1,2007,,4:10
No One,Alicia Keys,1,2007,R&B,4:13
Low,Flo Rida,1,2008,Crunk,3:50
Love in This Club,Usher,1,2008,R&B,4:19
Bleeding Love,Leona Lewis,3,2008,Pop,3:23
Touch My Body,Mariah Carey,1,2008,,3:24
Lollipop,Lil Wayne,2,2008,Dirty rap,3:07
Viva la Vida,Coldplay,1,2008,Baroque pop,
I Kissed a Girl,Katy Perry,1,2008,Pop rock,3:00
Disturbia,Rihanna,1,2008,,3:59
Whatever You Like,T.I.,3,2008,Pop-rap,
So What,Pink,1,2008,Pop rock,3:35
Live Your Life,T.I. featuring Rihanna,3,2008,,
Womanizer,Britney Spears,1,2008,,3:44
Single Ladies (Put a Ring on It),Beyoncé,3,2008,Dance-pop,3:13
Just Dance,Lady Gaga,1,2009,Electropop,4:01
My Life Would Suck Without You,Kelly Clarkson,1,2009,,3:31
Crack a Bottle,Eminem,1,2009,Hip hop,4:57
Right Round,Flo Rida,1,2009,Pop rap,3:27
Poker Face,Lady Gaga,1,2009,Synth-pop,3:58
Boom Boom Pow,The Black Eyed Peas,1,2009,EDM,
I Gotta Feeling,,1,2009,Dance-pop,
Down,Jay Sean,2,2009,Electronicore,3:42
3,Britney Spears,1,2009,Electropop,3:33
Fireflies,Owl City,2,2009,Synth-pop,3:48
Whatcha Say,Jason Derulo,1,2009,Pop,3:42
Empire State of Mind,Jay-Z,1,2009,Hip hop,4:36
Tik Tok,Kesha,1,2010,,3:14
Imma Be,The Black Eyed Peas,1,2010,,
Break Your Heart,Taio Cruz,1,2010,,
Rude Boy,Rihanna,1,2010,Reggae,3:43
Nothin' on You,B.o.B,1,2010,Pop rap,
OMG,Usher,2,2010,,
Not Afraid,Eminem,1,2010,Hip hop,4:10
California Gurls,Katy Perry,1,2010,,3:56
Love the Way You Lie,Eminem featuring Rihanna,1,2010,Hip hop,4:23
Teenage Dream,Katy Perry,1,2010,Electropop,3:47
Just the Way You Are,Bruno Mars,1,2010,Pop,3:41
Like a G6,Far East Movement,2,2010,,3:38
We R Who We R,Kesha,1,2010,Dance-pop,3:24
What's My Name?,Drake,1,2010,Electro,4:23
Only Girl (In the World),Rihanna,1,2010,,3:55
Raise Your Glass,Pink,1,2010,Pop rock,3:23
Firework,Katy Perry,3,2010,Dance-pop,3:48
Grenade,Bruno Mars,3,2011,Pop,3:42
Hold It Against Me,Britney Spears,1,2011,Dance-pop,3:49
Black and Yellow,Wiz Khalifa,1,2011,Hip hop,3:37
Born This Way,Lady Gaga,1,2011,Electropop,4:20
E.T.,Kanye West,2,2011,Electronic,3:28
S&M,Rihanna,1,2011,,4:03
Rolling in the Deep,Adele,1,2011,Soul,4:00
Give Me Everything,Pitbull,1,2011,Hip house,
Party Rock Anthem,LMFAO,1,2011,Hip house,
Last Friday Night (T.G.I.F.),Katy Perry,1,2011,Dance-pop,
Moves Like Jagger,Maroon 5,2,2011,Nu-disco,3:21
Someone Like You,Adele,2,2011,,4:45
We Found Love,Calvin Harris,2,2011,,3:35
Sexy and I Know It,LMFAO,1,2012,Dance,
Set Fire to the Rain,Adele,1,2012,,4:02
Stronger (What Doesn't Kill You),Kelly Clarkson,2,2012,,3:42
Part of Me,Katy Perry,1,2012,,3:35
We Are Young,Fun,1,2012,,
Somebody That I Used to Know,Gotye,1,2012,Rock,3:29
Call Me Maybe,Carly Rae Jepsen,1,2012,Pop,3:13
Whistle,Flo Rida,2,2012,Electropop,3:45
We Are Never Ever Getting Back Together,Taylor Swift,2,2012,Bubblegum pop,3:13
Diamonds,Rihanna,1,2012,Pop,4:05
Locked Out of Heaven,Bruno Mars,2,2012,Reggae rock,3:53
Thrift Shop,Macklemore & Ryan Lewis,1,2013,Pop-rap,3:55
Harlem Shake,Baauer,1,2013,,3:16
When I Was Your Man,Bruno Mars,1,2013,Pop,3:34
Just Give Me a Reason,Pink,1,2013,Pop,4:02
Can't Hold Us,Ray Dalton,1,2013,Industrial hip hop,
Blurred Lines,Robin Thicke,1,2013,,4:25
Roar,Katy Perry,1,2013,Power pop,3:43
Wrecking Ball,Miley Cyrus,2,2013,Rock,3:55
Royals,Lorde,1,2013,Art pop,3:10
The Monster,Eminem,2,2013,Pop rap,4:12
Timber,Pitbull,1,2014,,3:24
Dark Horse,Katy Perry,1,2014,,3:35
Happy,Pharrell Williams,1,2014,,3:55
All of Me,John Legend,1,2014,,4:30
Fancy,Iggy Azalea,1,2014,Electro-hop,3:19
Rude,Magic!,1,2014,Reggae fusion,3:44
Shake It Off,Taylor Swift,2,2014,Dance-pop,3:39
All About That Bass,Meghan Trainor,1,2014,Bubblegum pop,3:07
Blank Space,,2,2014,Electropop,3:51
Uptown Funk,Mark Ronson,1,2015,Funk,
See You Again,Wiz Khalifa,2,2015,,3:50
Cheerleader,Omi,2,2015,Reggae fusion,
Can't Feel My Face,The Weeknd,3,2015,,3:35
What Do You Mean?,Justin Bieber,1,2015,,3:26
The Hills,,1,2015,,4:02
Sorry,Justin Bieber,1,2016,,3:20
Love Yourself,,1,2016,Pop,3:53
Pillowtalk,Zayn,1,2016,Alternative R&B,3:23
Work,Rihanna,1,2016,,3:39
Panda,Desiigner,1,2016,Hip hop,
One Dance,Wizkid,2,2016,,2:53
Can't Stop the Feeling!,Justin Timberlake,1,2016,Disco,3:58
Cheap Thrills,Sia,1,2016,Dancehall,
Closer,The Chainsmokers,1,2016,Future bass,4:04
Black Beatles,Rae Sremmurd,2,2016,,4:51
Starboy,The Weeknd,1,2017,R&B,3:50
Bad and Boujee,Migos,2,2017,Hip hop,
Shape of You,Ed Sheeran,1,2017,Pop,3:54
Humble,Kendrick Lamar,1,2017,Hip hop,2:57
That's What I Like,Bruno Mars,1,2017,Hip hop soul,3:26
I'm the One,DJ Khaled,1,2017,,4:49
Despacito,Luis Fonsi,1,2017,Reggaeton,3:48
Look What You Made Me Do,Taylor Swift,1,2017,Electropop,3:31
Bodak Yellow,Cardi B,1,2017,,3:43
Rockstar,Post Malone,3,2017,Trap,3:38
Perfect,Beyoncé,2,2017,Classical crossover,4:25
Havana,Camila Cabello,1,2018,Pop,3:37
God's Plan,Drake,1,2018,Pop,3:19
Nice for What,,4,2018,Bounce,3:30
This Is America,Childish Gambino,1,2018,,3:45
Psycho,Post Malone,1,2018,Pop rap,3:41
Sad!,XXXTentacion,1,2018,,2:46
I Like It,Cardi B,1,2018,,4:13
In My Feelings,,1,2018,Bounce,3:37
Girls Like You,Maroon 5,1,2018,Pop,
"Thank U, Next",Ariana Grande,3,2018,Pop,3:27
Sicko Mode,Travis Scott,1,2018,Progressive rap,5:12
Without Me,Halsey,2,2019,Pop,3:21
Sunflower,Post Malone,1,2019,Dream pop,2:38
7 Rings,Ariana Grande,2,2019,,2:58
Shallow,Lady Gaga,1,2019,Rock,3:37
Sucker,Jonas Brothers,1,2019,Pop rock,3:01
Old Town Road,Lil Nas X,1,2019,Country rap,1:53
Bad Guy,Billie Eilish,1,2019,,3:14
Señorita,Shawn Mendes,1,2019,Latin pop,3:11
Truth Hurts,Lizzo,2,2019,,2:53
Highest in the Room,Travis Scott,1,2019,Trap,4:05
Someone You Loved,Lewis Capaldi,2,2019,Alt-pop,3:02
Lose You to Love Me,Selena Gomez,1,2019,Pop,3:26
Circles,Post Malone,2,2019,,3:35
Heartless,The Weeknd,1,2019,,3:18
All I Want for Christmas Is You,Mariah Carey,9,2010,Pop,3:32
The Box,Roddy Ricch,1,2020,Hip hop,3:16
Blinding Lights,The Weeknd,1,2020,,3:36
Toosie Slide,Drake,1,2020,Trap,4:07
The Scotts,Travis Scott,1,2020,,2:45
Say So,Doja Cat,1,2020,Pop,3:58
Stuck with U,Ariana Grande,1,2020,Pop,3:48
Savage,Megan Thee Stallion,1,2020,Hip hop,4:02
Rain on Me,Lady Gaga,1,2020,House,3:02
Trollz,6ix9ine,1,2020,Hip hop,3:22
Cardigan,Taylor Swift,1,2020,Folk,4:00
Watermelon Sugar,Harry Styles,1,2020,Rock,2:53
WAP,Cardi B,2,2020,,
Dynamite,BTS,2,2020,Disco,3:19
Franchise,Young Thug,1,2020,Trap,3:22
Savage Love (Laxed – Siren Beat),Jawsh 685,1,2020,Siren jam,3:04
Mood,24kGoldn,4,2020,Pop rap,3:12
Positions,Ariana Grande,1,2020,Pop,2:52
Life Goes On,BTS,1,2020,Alternative hip hop,3:27
Willow,Taylor Swift,1,2020,Chamber folk,3:34
Drivers License,Olivia Rodrigo,1,2021,Bedroom pop,4:02
What's Next,Drake,1,2021,Trap,2:58
Up,Cardi B,1,2021,,2:36
Peaches,Justin Bieber,1,2021,Pop,3:49
Montero (Call Me by Your Name),Lil Nas X,1,2021,,2:17
Leave the Door Open,Silk Sonic,2,2021,Philadelphia soul,4:02
Rapstar,Polo G,1,2021,Trap,2:45
Save Your Tears,The Weeknd,1,2021,Synth-pop,3:11
Good 4 U,Olivia Rodrigo,1,2021,,2:58
Butter,BTS,3,2021,Dance-pop,2:44
Permission to Dance,,1,2021,Dance-pop,3:07
Way 2 Sexy,Future,1,2021,,4:18
My Universe,Coldplay,1,2021,,
Industry Baby,Jack Harlow,1,2021,Trap,3:32
Easy on Me,Adele,3,2021,,3:44
All Too Well (Taylor's Version),Taylor Swift,1,2021,Arena rock,5:29
We Don't Talk About Bruno,Carolina Gaitán,1,2022,Salsa,3:36
Heat Waves,Glass Animals,1,2022,Psychedelic pop,
As It Was,Harry Styles,5,2022,Synth-pop,
First Class,Jack Harlow,2,2022,,2:53
Wait for U,Future,1,2022,R&B,3:10
Jimmy Cooks,21 Savage,1,2022,Trap,3:38
About Damn Time,Lizzo,1,2022,Funk-pop,3:11
Break My Soul,Beyoncé,1,2022,,4:38
Super Freaky Girl,Nicki Minaj,1,2022,Pop-rap,2:50
Bad Habit,Steve Lacy,1,2022,R&B,
Unholy,Sam Smith,1,2022,Electropop,2:36
Anti-Hero,Taylor Swift,2,2022,Pop rock,3:20
Flowers,Miley Cyrus,2,2023,Disco,3:20
Die for You,The Weeknd,1,2023,R&B,3:53
Last Night,Morgan Wallen,1,2023,Country pop,2:43
Like Crazy,Jimin,1,2023,Synth-pop,3:32
Kill Bill,SZA,1,2023,Pop,2:35
Vampire,Olivia Rodrigo,2,2023,Pop,3:39
Seven,Jungkook,1,2023,UK garage,3:05
Try That in a Small Town,Jason Aldean,1,2023,Country,3:01
Rich Men North of Richmond,Oliver Anthony Music,1,2023,Country,3:07
I Remember Everything,Zach Bryan,1,2023,Country,3:47
Paint the Town Red,Doja Cat,2,2023,Boom bap,
Slime You Out,Drake,1,2023,R&B,5:10
First Person Shooter,J. Cole,1,2023,Hip hop,4:07
Cruel Summer,Taylor Swift,2,2023,Synth-pop,2:58
Is It Over Now?,,1,2023,Electropop,3:49
Lovin on Me,Jack Harlow,4,2023,Pop rap,2:18
Rockin' Around the Christmas Tree,Brenda Lee,2,2023,Country,2:12
"Yes, And?",,1,2024,House,3:34
Hiss,Megan Thee Stallion,1,2024,Hip hop,3:12
Texas Hold 'Em,Beyoncé,1,2024,Country pop,
Carnival,¥$,1,2024,,4:24
We Can't Be Friends (Wait for Your Love),Ariana Grande,1,2024,Synth-pop,3:48
Lose Control,,1,2024,R&B,3:30
Like That,Future,1,2024,Hardcore hip hop,3:04
Too Sweet,Hozier,1,2024,Soul,4:11
Fortnight,Taylor Swift,1,2024,Downtempo,3:48
Not Like Us,Kendrick Lamar,1,2024,,4:33
I Had Some Help,Morgan Wallen,1,2024,Country pop,2:58
